,rsid,CHR,POS,REF,ALT,beta_A2,se_A2,pval,beta_ais,se_ais,p_ais,beta_ces,se_ces,p_ces,beta_las,se_las,p_las,beta_svs,se_svs,p_svs
1,rs10087754,8,121819908,T,A,-0.13356,0.026935,7.10E-07,-0.0119,0.0101,0.2374,1.00E-04,0.0194,0.9941,-0.0415,0.025,0.09633,-0.0096,0.0233,0.6805
2,rs11085727,19,10355447,C,T,0.1727,0.029295,3.74E-09,-0.0217,0.0112,0.05205,-0.0554,0.0218,0.01107,-5.00E-04,0.0275,0.9842,0.0349,0.0254,0.1693
3,rs111508230,1,155181061,C,T,-0.20553,0.043739,2.61E-06,-0.0081,0.016,0.6143,-0.0708,0.0313,0.02366,0.0927,0.039,0.01732,0.0285,0.0405,0.481
4,rs114969787,5,65770656,C,T,0.30736,0.066335,3.60E-06,0.0409,0.031,0.1867,-0.0468,0.0643,0.4662,0.1153,0.0773,0.1357,0.0437,0.0724,0.5463
5,rs11658357,17,36097317,A,T,-0.2014,0.04407,4.88E-06,0.0097,0.0126,0.4378,-0.0184,0.0243,0.4502,-0.0154,0.0305,0.6126,0.0438,0.0288,0.1282
6,rs117232645,13,74553195,G,A,-0.32759,0.069588,2.51E-06,-0.0309,0.0298,0.2996,0.0101,0.0591,0.8644,0.0441,0.0727,0.5446,0.0038,0.0684,0.9561
7,rs13050728,21,33242905,T,C,-0.20011,0.028559,2.44E-12,-0.0044,0.0106,0.6792,-0.0291,0.0203,0.1509,-0.0266,0.0264,0.314,0.0266,0.0248,0.2827
8,rs13080258,3,69672908,A,C,-0.14025,0.03027,3.60E-06,0.0028,0.0117,0.8104,0.0068,0.0226,0.7632,-0.0156,0.0292,0.5937,-0.0178,0.0271,0.5118
9,rs13274496,8,22583385,G,A,-0.20103,0.042098,1.80E-06,7.00E-04,0.0126,0.9572,0.017,0.0244,0.4842,-0.019,0.0315,0.5456,-0.0323,0.0288,0.2634
10,rs143334143,6,31153649,G,A,0.29414,0.042753,5.99E-12,0.009,0.0191,0.6391,0.0364,0.036,0.3116,-0.0101,0.0481,0.8342,0.0361,0.0459,0.4316
11,rs1974792,19,50353078,A,G,-0.13521,0.026922,5.11E-07,-0.0202,0.0102,0.04666,-0.0096,0.0198,0.6262,-0.0625,0.0252,0.01311,0.0316,0.0237,0.1827
12,rs2109069,19,4719431,G,A,0.25663,0.02807,6.12E-20,-0.0071,0.0112,0.5246,0.002,0.0218,0.9262,-0.0062,0.0274,0.8201,-0.0106,0.0256,0.6804
13,rs2237698,7,107967457,C,T,0.23662,0.039653,2.41E-09,-0.0272,0.0208,0.1921,-0.0274,0.0391,0.4833,0.0477,0.0506,0.3454,-0.0227,0.0472,0.6309
14,rs2597569,11,97922951,T,C,-0.1806,0.033826,9.34E-08,-0.007,0.0102,0.4899,-0.0148,0.0194,0.4469,-0.0326,0.0253,0.1978,-0.0348,0.0235,0.1392
15,rs2733839,12,10393411,T,C,0.27082,0.058395,3.52E-06,-0.0039,0.0271,0.8851,0.0426,0.0527,0.4182,-0.0411,0.0723,0.5695,0.0295,0.0635,0.6425
16,rs340850,1,213941523,T,G,-0.27613,0.060081,4.31E-06,0.0203,0.0244,0.4042,0.0557,0.0479,0.2457,-0.0972,0.0573,0.08988,-0.0532,0.055,0.3332
17,rs35081325,3,45848429,A,T,0.62617,0.044502,5.75E-45,0.0301,0.02,0.1329,0.0433,0.0384,0.2593,0.0544,0.0506,0.2822,0.0265,0.0486,0.5855
18,rs36932,7,123877938,G,A,-0.15806,0.034292,4.04E-06,-0.0062,0.0137,0.6521,-0.0207,0.0261,0.4273,-0.0319,0.033,0.3347,-0.0478,0.0311,0.1241
19,rs4076440,1,9630418,A,G,0.21065,0.042947,9.35E-07,-0.0149,0.0205,0.4696,0.0042,0.041,0.9188,-0.0582,0.0531,0.2728,0.0051,0.0482,0.9161
20,rs5767981,22,47769327,A,G,-0.15673,0.034321,4.96E-06,-0.0201,0.0105,0.05718,-0.0079,0.0205,0.6992,-0.003,0.0266,0.9098,-0.026,0.0248,0.2935
21,rs622568,7,54580201,A,C,0.22629,0.037082,1.04E-09,0.0035,0.0138,0.799,0.0516,0.0256,0.04437,-0.0567,0.0335,0.09089,-0.0172,0.0309,0.5769
22,rs633862,9,133279871,T,C,-0.16668,0.034199,1.09E-06,-0.0259,0.0103,0.01178,-0.0545,0.0188,0.003772,-0.051,0.0244,0.03661,-1.00E-04,0.0226,0.9974
23,rs6478109,9,114806486,A,G,0.1463,0.028324,2.40E-07,0.0124,0.0108,0.2475,0.0223,0.0205,0.2772,0.0596,0.027,0.02724,0.0441,0.0247,0.07419
24,rs6712600,2,125728622,G,A,-0.17179,0.033662,3.34E-07,0.0069,0.0125,0.5784,0.05,0.024,0.03722,-0.0094,0.0306,0.7577,-0.0312,0.029,0.2826
25,rs7135260,12,112943944,T,C,0.19247,0.027983,6.05E-12,0.0263,0.0108,0.01508,0,0.0207,0.9991,0.0396,0.0267,0.1384,0.041,0.0249,0.09985
26,rs77406469,7,150758864,C,T,-0.34317,0.068969,6.50E-07,0.018,0.0273,0.5109,-0.0431,0.0599,0.4717,0.0539,0.0762,0.4793,0.0656,0.0679,0.3343
27,rs77534576,17,49863303,C,T,0.45975,0.074941,8.53E-10,0.0278,0.0309,0.3668,0.0543,0.0656,0.4082,0.0731,0.0823,0.3744,0.1345,0.0759,0.07619
28,rs79833209,5,163300447,C,T,0.43555,0.092034,2.22E-06,0.1026,0.0355,0.003852,0.0813,0.0786,0.301,-0.0084,0.0993,0.9326,-0.0203,0.0896,0.8208
29,rs9287218,1,237113798,A,C,-0.31659,0.06241,3.92E-07,0.0028,0.0241,0.9068,0.0225,0.0472,0.6339,0.012,0.0621,0.8467,-0.0486,0.058,0.4019
30,rs9577175,13,112889041,C,T,0.2018,0.040867,7.89E-07,-0.004,0.0119,0.7346,0.0038,0.0231,0.8691,-0.0253,0.03,0.399,0.0117,0.0277,0.6731
31,rs9871880,3,197399535,C,T,-0.25225,0.049793,4.06E-07,-0.0027,0.0178,0.8816,-0.1045,0.0364,0.00411,0.0543,0.0441,0.218,0.0104,0.0422,0.8059